PassengerId,Survived,Pclass,Name,Sex,Age,SibSp,Parch,Ticket,Fare,Cabin,Embarked
1,0,3,16.0,0,22.0,1,0,A/5 21171,7.25,,34
2,1,1,79.0,1,38.0,1,0,PC 17599,71.2833,59.0,55
3,1,3,70.0,1,26.0,0,0,STON/O2. 3101282,7.925,,34
4,1,1,79.0,1,35.0,1,0,113803,53.1,59.0,34
5,0,3,16.0,0,35.0,0,0,373450,8.05,,34
6,0,3,16.0,0,,0,0,330877,8.4583,,39
7,0,1,16.0,0,54.0,0,0,17463,51.8625,75.0,34
8,0,3,58.0,0,2.0,3,1,349909,21.075,,34
9,1,3,79.0,1,27.0,0,2,347742,11.1333,,34
10,1,2,79.0,1,14.0,1,0,237736,30.0708,,55
11,1,3,70.0,1,4.0,1,1,PP 9549,16.7,50.0,34
12,1,1,70.0,1,58.0,0,0,113783,26.55,59.0,34
13,0,3,16.0,0,20.0,0,0,A/5. 2151,8.05,,34
14,0,3,16.0,0,39.0,1,5,347082,31.275,,34
15,0,3,70.0,1,14.0,0,0,350406,7.8542,,34
16,1,2,79.0,1,55.0,0,0,248706,16.0,,34
17,0,3,58.0,0,2.0,4,1,382652,29.125,,39
18,1,2,16.0,0,,0,0,244373,13.0,,34
19,0,3,79.0,1,31.0,1,0,345763,18.0,,34
20,1,3,79.0,1,,0,0,2649,7.225,,55
21,0,2,16.0,0,35.0,0,0,239865,26.0,,34
22,1,2,16.0,0,34.0,0,0,248698,13.0,76.0,34
23,1,3,70.0,1,15.0,0,0,330923,8.0292,,39
24,1,1,16.0,0,28.0,0,0,113788,35.5,47.0,34
25,0,3,70.0,1,8.0,3,1,349909,21.075,,34
26,1,3,79.0,1,38.0,1,5,347077,31.3875,,34
27,0,3,16.0,0,,0,0,2631,7.225,,55
28,0,1,16.0,0,19.0,3,2,19950,263.0,59.0,34
29,1,3,70.0,1,,0,0,330959,7.8792,,39
30,0,3,16.0,0,,0,0,349216,7.8958,,34
31,0,1,,0,40.0,0,0,PC 17601,27.7208,,55
32,1,1,79.0,1,,1,0,PC 17569,146.5208,74.0,55
33,1,3,70.0,1,,0,0,335677,7.75,,39
34,0,2,16.0,0,66.0,0,0,C.A. 24579,10.5,,34
35,0,1,16.0,0,28.0,1,0,PC 17604,82.1708,,55
36,0,1,16.0,0,42.0,1,0,113789,52.0,,34
37,1,3,16.0,0,,0,0,2677,7.2292,,55
38,0,3,16.0,0,21.0,0,0,A./5. 2152,8.05,,34
39,0,3,70.0,1,18.0,2,0,345764,18.0,,34
40,1,3,70.0,1,14.0,1,0,2651,11.2417,,55
41,0,3,79.0,1,40.0,1,0,7546,9.475,,34
42,0,2,79.0,1,27.0,1,0,11668,21.0,,34
43,0,3,16.0,0,,0,0,349253,7.8958,,55
44,1,2,70.0,1,3.0,1,2,SC/Paris 2123,41.5792,,55
45,1,3,70.0,1,19.0,0,0,330958,7.8792,,39
46,0,3,16.0,0,,0,0,S.C./A.4. 23567,8.05,,34
47,0,3,16.0,0,,1,0,370371,15.5,,39
48,1,3,70.0,1,,0,0,14311,7.75,,39
49,0,3,16.0,0,,2,0,2662,21.6792,,55
50,0,3,79.0,1,18.0,1,0,349237,17.8,,34
51,0,3,58.0,0,7.0,4,1,3101295,39.6875,,34
52,0,3,16.0,0,21.0,0,0,A/4. 39886,7.8,,34
53,1,1,79.0,1,49.0,1,0,PC 17572,76.7292,76.0,55
54,1,2,79.0,1,29.0,1,0,2926,26.0,,34
55,0,1,16.0,0,65.0,0,1,113509,61.9792,74.0,55
56,1,1,16.0,0,,0,0,19947,35.5,59.0,34
57,1,2,70.0,1,21.0,0,0,C.A. 31026,10.5,,34
58,0,3,16.0,0,28.5,0,0,2697,7.2292,,55
59,1,2,70.0,1,5.0,1,2,C.A. 34651,27.75,,34
60,0,3,58.0,0,11.0,5,2,CA 2144,46.9,,34
61,0,3,16.0,0,22.0,0,0,2669,7.2292,,55
62,1,1,70.0,1,38.0,0,0,113572,80.0,74.0,
63,0,1,16.0,0,45.0,1,0,36973,83.475,59.0,34
64,0,3,58.0,0,4.0,3,2,347088,27.9,,34
65,0,1,16.0,0,,0,0,PC 17605,27.7208,,55
66,1,3,58.0,0,,1,1,2661,15.2458,,55
67,1,2,79.0,1,29.0,0,0,C.A. 29395,10.5,62.0,34
68,0,3,16.0,0,19.0,0,0,S.P. 3464,8.1583,,34
69,1,3,70.0,1,17.0,4,2,3101281,7.925,,34
70,0,3,16.0,0,26.0,2,0,315151,8.6625,,34
71,0,2,16.0,0,32.0,0,0,C.A. 33111,10.5,,34
72,0,3,70.0,1,16.0,5,2,CA 2144,46.9,,34
73,0,2,16.0,0,21.0,0,0,S.O.C. 14879,73.5,,34
74,0,3,16.0,0,26.0,1,0,2680,14.4542,,55
75,1,3,16.0,0,32.0,0,0,1601,56.4958,,34
76,0,3,16.0,0,25.0,0,0,348123,7.65,62.0,34
77,0,3,16.0,0,,0,0,349208,7.8958,,34
78,0,3,16.0,0,,0,0,374746,8.05,,34
79,1,2,58.0,0,0.83,0,2,248738,29.0,,34
80,1,3,70.0,1,30.0,0,0,364516,12.475,,34
81,0,3,16.0,0,22.0,0,0,345767,9.0,,34
82,1,3,16.0,0,29.0,0,0,345779,9.5,,34
83,1,3,70.0,1,,0,0,330932,7.7875,,39
84,0,1,16.0,0,28.0,0,0,113059,47.1,,34
85,1,2,70.0,1,17.0,0,0,SO/C 14885,10.5,,34
86,1,3,79.0,1,33.0,3,0,3101278,15.85,,34
87,0,3,16.0,0,16.0,1,3,W./C. 6608,34.375,,34
88,0,3,16.0,0,,0,0,SOTON/OQ 392086,8.05,,34
89,1,1,70.0,1,23.0,3,2,19950,263.0,59.0,34
90,0,3,16.0,0,24.0,0,0,343275,8.05,,34
91,0,3,16.0,0,29.0,0,0,343276,8.05,,34
92,0,3,16.0,0,20.0,0,0,347466,7.8542,,34
93,0,1,16.0,0,46.0,1,0,W.E.P. 5734,61.175,75.0,34
94,0,3,16.0,0,26.0,1,2,C.A. 2315,20.575,,34
95,0,3,16.0,0,59.0,0,0,364500,7.25,,34
96,0,3,16.0,0,,0,0,374910,8.05,,34
97,0,1,16.0,0,71.0,0,0,PC 17754,34.6542,47.0,55
98,1,1,16.0,0,23.0,0,1,PC 17759,63.3583,76.0,55
99,1,2,79.0,1,34.0,0,1,231919,23.0,,34
100,0,2,16.0,0,34.0,1,0,244367,26.0,,34
101,0,3,70.0,1,28.0,0,0,349245,7.8958,,34
102,0,3,16.0,0,,0,0,349215,7.8958,,34
103,0,1,16.0,0,21.0,0,1,35281,77.2875,76.0,34
104,0,3,16.0,0,33.0,0,0,7540,8.6542,,34
105,0,3,16.0,0,37.0,2,0,3101276,7.925,,34
106,0,3,16.0,0,28.0,0,0,349207,7.8958,,34
107,1,3,70.0,1,21.0,0,0,343120,7.65,,34
108,1,3,16.0,0,,0,0,312991,7.775,,34
109,0,3,16.0,0,38.0,0,0,349249,7.8958,,34
110,1,3,70.0,1,,1,0,371110,24.15,,39
111,0,1,16.0,0,47.0,0,0,110465,52.0,59.0,34
112,0,3,70.0,1,14.5,1,0,2665,14.4542,,55
113,0,3,16.0,0,22.0,0,0,324669,8.05,,34
114,0,3,70.0,1,20.0,1,0,4136,9.825,,34
115,0,3,70.0,1,17.0,0,0,2627,14.4583,,55
116,0,3,16.0,0,21.0,0,0,STON/O 2. 3101294,7.925,,34
117,0,3,16.0,0,70.5,0,0,370369,7.75,,39
118,0,2,16.0,0,29.0,1,0,11668,21.0,,34
119,0,1,16.0,0,24.0,0,1,PC 17558,247.5208,74.0,55
120,0,3,70.0,1,2.0,4,2,347082,31.275,,34
121,0,2,16.0,0,21.0,2,0,S.O.C. 14879,73.5,,34
122,0,3,16.0,0,,0,0,A4. 54510,8.05,,34
123,0,2,16.0,0,32.5,1,0,237736,30.0708,,55
124,1,2,70.0,1,32.5,0,0,27267,13.0,75.0,34
125,0,1,16.0,0,54.0,0,1,35281,77.2875,76.0,34
126,1,3,58.0,0,12.0,1,0,2651,11.2417,,55
127,0,3,16.0,0,,0,0,370372,7.75,,39
128,1,3,16.0,0,24.0,0,0,C 17369,7.1417,,34
129,1,3,70.0,1,,1,1,2668,22.3583,62.0,55
130,0,3,16.0,0,45.0,0,0,347061,6.975,,34
131,0,3,16.0,0,33.0,0,0,349241,7.8958,,55
132,0,3,16.0,0,20.0,0,0,SOTON/O.Q. 3101307,7.05,,34
133,0,3,79.0,1,47.0,1,0,A/5. 3337,14.5,,34
134,1,2,79.0,1,29.0,1,0,228414,26.0,,34
135,0,2,16.0,0,25.0,0,0,C.A. 29178,13.0,,34
136,0,2,16.0,0,23.0,0,0,SC/PARIS 2133,15.0458,,55
137,1,1,70.0,1,19.0,0,2,11752,26.2833,76.0,34
138,0,1,16.0,0,37.0,1,0,113803,53.1,59.0,34
139,0,3,16.0,0,16.0,0,0,7534,9.2167,,34
140,0,1,16.0,0,24.0,0,0,PC 17593,79.2,74.0,55
141,0,3,79.0,1,,0,2,2678,15.2458,,55
142,1,3,70.0,1,22.0,0,0,347081,7.75,,34
143,1,3,79.0,1,24.0,1,0,STON/O2. 3101279,15.85,,34
144,0,3,16.0,0,19.0,0,0,365222,6.75,,39
145,0,2,16.0,0,18.0,0,0,231945,11.5,,34
146,0,2,16.0,0,19.0,1,1,C.A. 33112,36.75,,34
147,1,3,16.0,0,27.0,0,0,350043,7.7958,,34
148,0,3,70.0,1,9.0,2,2,W./C. 6608,34.375,,34
149,0,2,16.0,0,36.5,0,2,230080,26.0,62.0,34
150,0,2,,0,42.0,0,0,244310,13.0,,34
151,0,2,,0,51.0,0,0,S.O.P. 1166,12.525,,34
152,1,1,79.0,1,22.0,1,0,113776,66.6,59.0,34
153,0,3,16.0,0,55.5,0,0,A.5. 11206,8.05,,34
154,0,3,16.0,0,40.5,0,2,A/5. 851,14.5,,34
155,0,3,16.0,0,,0,0,Fa 265302,7.3125,,34
156,0,1,16.0,0,51.0,0,1,PC 17597,61.3792,,55
157,1,3,70.0,1,16.0,0,0,35851,7.7333,,39
158,0,3,16.0,0,30.0,0,0,SOTON/OQ 392090,8.05,,34
159,0,3,16.0,0,,0,0,315037,8.6625,,34
160,0,3,58.0,0,,8,2,CA. 2343,69.55,,34
161,0,3,16.0,0,44.0,0,1,371362,16.1,,34
162,1,2,79.0,1,40.0,0,0,C.A. 33595,15.75,,34
163,0,3,16.0,0,26.0,0,0,347068,7.775,,34
164,0,3,16.0,0,17.0,0,0,315093,8.6625,,34
165,0,3,58.0,0,1.0,4,1,3101295,39.6875,,34
166,1,3,58.0,0,9.0,0,2,363291,20.525,,34
167,1,1,79.0,1,,0,1,113505,55.0,75.0,34
168,0,3,79.0,1,45.0,1,4,347088,27.9,,34
169,0,1,16.0,0,,0,0,PC 17318,25.925,,34
170,0,3,16.0,0,28.0,0,0,1601,56.4958,,34
171,0,1,16.0,0,61.0,0,0,111240,33.5,74.0,34
172,0,3,58.0,0,4.0,4,1,382652,29.125,,39
173,1,3,70.0,1,1.0,1,1,347742,11.1333,,34
174,0,3,16.0,0,21.0,0,0,STON/O 2. 3101280,7.925,,34
175,0,1,16.0,0,56.0,0,0,17764,30.6958,47.0,55
176,0,3,16.0,0,18.0,1,1,350404,7.8542,,34
177,0,3,58.0,0,,3,1,4133,25.4667,,34
178,0,1,70.0,1,50.0,0,0,PC 17595,28.7125,59.0,55
179,0,2,16.0,0,30.0,0,0,250653,13.0,,34
180,0,3,16.0,0,36.0,0,0,LINE,0.0,,34
181,0,3,70.0,1,,8,2,CA. 2343,69.55,,34
182,0,2,16.0,0,,0,0,SC/PARIS 2131,15.05,,55
183,0,3,58.0,0,9.0,4,2,347077,31.3875,,34
184,1,2,58.0,0,1.0,2,1,230136,39.0,62.0,34
185,1,3,70.0,1,4.0,0,2,315153,22.025,,34
186,0,1,16.0,0,,0,0,113767,50.0,47.0,34
187,1,3,79.0,1,,1,0,370365,15.5,,39
188,1,1,16.0,0,45.0,0,0,111428,26.55,,34
189,0,3,16.0,0,40.0,1,1,364849,15.5,,39
190,0,3,16.0,0,36.0,0,0,349247,7.8958,,34
191,1,2,79.0,1,32.0,0,0,234604,13.0,,34
192,0,2,16.0,0,19.0,0,0,28424,13.0,,34
193,1,3,70.0,1,19.0,1,0,350046,7.8542,,34
194,1,2,58.0,0,3.0,1,1,230080,26.0,62.0,34
195,1,1,79.0,1,44.0,0,0,PC 17610,27.7208,74.0,55
196,1,1,70.0,1,58.0,0,0,PC 17569,146.5208,74.0,55
197,0,3,16.0,0,,0,0,368703,7.75,,39
198,0,3,16.0,0,42.0,0,1,4579,8.4042,,34
199,1,3,70.0,1,,0,0,370370,7.75,,39
200,0,2,70.0,1,24.0,0,0,248747,13.0,,34
201,0,3,16.0,0,28.0,0,0,345770,9.5,,34
202,0,3,16.0,0,,8,2,CA. 2343,69.55,,34
203,0,3,16.0,0,34.0,0,0,3101264,6.4958,,34
204,0,3,16.0,0,45.5,0,0,2628,7.225,,55
205,1,3,16.0,0,18.0,0,0,A/5 3540,8.05,,34
206,0,3,70.0,1,2.0,0,1,347054,10.4625,50.0,34
207,0,3,16.0,0,32.0,1,0,3101278,15.85,,34
208,1,3,16.0,0,26.0,0,0,2699,18.7875,,55
209,1,3,70.0,1,16.0,0,0,367231,7.75,,39
210,1,1,16.0,0,40.0,0,0,112277,31.0,47.0,55
211,0,3,16.0,0,24.0,0,0,SOTON/O.Q. 3101311,7.05,,34
212,1,2,70.0,1,35.0,0,0,F.C.C. 13528,21.0,,34
213,0,3,16.0,0,22.0,0,0,A/5 21174,7.25,,34
214,0,2,16.0,0,30.0,0,0,250646,13.0,,34
215,0,3,16.0,0,,1,0,367229,7.75,,39
216,1,1,70.0,1,31.0,1,0,35273,113.275,76.0,55
217,1,3,70.0,1,27.0,0,0,STON/O2. 3101283,7.925,,34
218,0,2,16.0,0,42.0,1,0,243847,27.0,,34
219,1,1,70.0,1,32.0,0,0,11813,76.2917,76.0,55
220,0,2,16.0,0,30.0,0,0,W/C 14208,10.5,,34
221,1,3,16.0,0,16.0,0,0,SOTON/OQ 392089,8.05,,34
222,0,2,16.0,0,27.0,0,0,220367,13.0,,34
223,0,3,16.0,0,51.0,0,0,21440,8.05,,34
224,0,3,16.0,0,,0,0,349234,7.8958,,34
225,1,1,16.0,0,38.0,1,0,19943,90.0,59.0,34
226,0,3,16.0,0,22.0,0,0,PP 4348,9.35,,34
227,1,2,16.0,0,19.0,0,0,SW/PP 751,10.5,,34
228,0,3,16.0,0,20.5,0,0,A/5 21173,7.25,,34
229,0,2,16.0,0,18.0,0,0,236171,13.0,,34
230,0,3,70.0,1,,3,1,4133,25.4667,,34
231,1,1,79.0,1,35.0,1,0,36973,83.475,59.0,34
232,0,3,16.0,0,29.0,0,0,347067,7.775,,34
233,0,2,16.0,0,59.0,0,0,237442,13.5,,34
234,1,3,70.0,1,5.0,4,2,347077,31.3875,,34
235,0,2,16.0,0,24.0,0,0,C.A. 29566,10.5,,34
236,0,3,70.0,1,,0,0,W./C. 6609,7.55,,34
237,0,2,16.0,0,44.0,1,0,26707,26.0,,34
238,1,2,70.0,1,8.0,0,2,C.A. 31921,26.25,,34
239,0,2,16.0,0,19.0,0,0,28665,10.5,,34
240,0,2,16.0,0,33.0,0,0,SCO/W 1585,12.275,,34
241,0,3,70.0,1,,1,0,2665,14.4542,,55
242,1,3,70.0,1,,1,0,367230,15.5,,39
243,0,2,16.0,0,29.0,0,0,W./C. 14263,10.5,,34
244,0,3,16.0,0,22.0,0,0,STON/O 2. 3101275,7.125,,34
245,0,3,16.0,0,30.0,0,0,2694,7.225,,55
246,0,1,43.0,0,44.0,2,0,19928,90.0,59.0,39
247,0,3,70.0,1,25.0,0,0,347071,7.775,,34
248,1,2,79.0,1,24.0,0,2,250649,14.5,,34
249,1,1,16.0,0,37.0,1,1,11751,52.5542,76.0,34
250,0,2,,0,54.0,1,0,244252,26.0,,34
251,0,3,16.0,0,,0,0,362316,7.25,,34
252,0,3,79.0,1,29.0,1,1,347054,10.4625,50.0,34
253,0,1,16.0,0,62.0,0,0,113514,26.55,59.0,34
254,0,3,16.0,0,30.0,1,0,A/5. 3336,16.1,,34
255,0,3,79.0,1,41.0,0,2,370129,20.2125,,34
256,1,3,79.0,1,29.0,0,2,2650,15.2458,,55
257,1,1,79.0,1,,0,0,PC 17585,79.2,,55
258,1,1,70.0,1,30.0,0,0,110152,86.5,74.0,34
259,1,1,70.0,1,35.0,0,0,PC 17755,512.3292,,55
260,1,2,79.0,1,50.0,0,1,230433,26.0,,34
261,0,3,16.0,0,,0,0,384461,7.75,,39
262,1,3,58.0,0,3.0,4,2,347077,31.3875,,34
263,0,1,16.0,0,52.0,1,1,110413,79.65,75.0,34
264,0,1,16.0,0,40.0,0,0,112059,0.0,74.0,34
265,0,3,70.0,1,,0,0,382649,7.75,,39
266,0,2,16.0,0,36.0,0,0,C.A. 17248,10.5,,34
267,0,3,16.0,0,16.0,4,1,3101295,39.6875,,34
268,1,3,16.0,0,25.0,1,0,347083,7.775,,34
269,1,1,79.0,1,58.0,0,1,PC 17582,153.4625,59.0,34
270,1,1,70.0,1,35.0,0,0,PC 17760,135.6333,59.0,34
271,0,1,16.0,0,,0,0,113798,31.0,,34
272,1,3,16.0,0,25.0,0,0,LINE,0.0,,34
273,1,2,79.0,1,41.0,0,1,250644,19.5,,34
274,0,1,16.0,0,37.0,0,1,PC 17596,29.7,59.0,55
275,1,3,70.0,1,,0,0,370375,7.75,,39
276,1,1,70.0,1,63.0,1,0,13502,77.9583,76.0,34
277,0,3,70.0,1,45.0,0,0,347073,7.75,,34
278,0,2,16.0,0,,0,0,239853,0.0,,34
279,0,3,58.0,0,7.0,4,1,382652,29.125,,39
280,1,3,79.0,1,35.0,1,1,C.A. 2673,20.25,,34
281,0,3,16.0,0,65.0,0,0,336439,7.75,,39
282,0,3,16.0,0,28.0,0,0,347464,7.8542,,34
283,0,3,16.0,0,16.0,0,0,345778,9.5,,34
284,1,3,16.0,0,19.0,0,0,A/5. 10482,8.05,,34
285,0,1,16.0,0,,0,0,113056,26.0,47.0,34
286,0,3,16.0,0,33.0,0,0,349239,8.6625,,55
287,1,3,16.0,0,30.0,0,0,345774,9.5,,34
288,0,3,16.0,0,22.0,0,0,349206,7.8958,,34
289,1,2,16.0,0,42.0,0,0,237798,13.0,,34
290,1,3,70.0,1,22.0,0,0,370373,7.75,,39
291,1,1,70.0,1,26.0,0,0,19877,78.85,,34
292,1,1,79.0,1,19.0,1,0,11967,91.0792,74.0,55
293,0,2,16.0,0,36.0,0,0,SC/Paris 2163,12.875,76.0,55
294,0,3,70.0,1,24.0,0,0,349236,8.85,,34
295,0,3,16.0,0,24.0,0,0,349233,7.8958,,34
296,0,1,16.0,0,,0,0,PC 17612,27.7208,,55
297,0,3,16.0,0,23.5,0,0,2693,7.2292,,55
298,0,1,70.0,1,2.0,1,2,113781,151.55,59.0,34
299,1,1,16.0,0,,0,0,19988,30.5,59.0,34
300,1,1,79.0,1,50.0,0,1,PC 17558,247.5208,74.0,55
301,1,3,70.0,1,,0,0,9234,7.75,,39
302,1,3,16.0,0,,2,0,367226,23.25,,39
303,0,3,16.0,0,19.0,0,0,LINE,0.0,,34
304,1,2,70.0,1,,0,0,226593,12.35,75.0,39
305,0,3,16.0,0,,0,0,A/5 2466,8.05,,34
306,1,1,58.0,0,0.92,1,2,113781,151.55,59.0,34
307,1,1,70.0,1,,0,0,17421,110.8833,,55
308,1,1,79.0,1,17.0,1,0,PC 17758,108.9,59.0,55
309,0,2,16.0,0,30.0,1,0,P/PP 3381,24.0,,55
310,1,1,70.0,1,30.0,0,0,PC 17485,56.9292,75.0,55
311,1,1,70.0,1,24.0,0,0,11767,83.1583,59.0,55
312,1,1,70.0,1,18.0,2,2,PC 17608,262.375,74.0,55
313,0,2,79.0,1,26.0,1,1,250651,26.0,,34
314,0,3,16.0,0,28.0,0,0,349243,7.8958,,34
315,0,2,16.0,0,43.0,1,1,F.C.C. 13529,26.25,,34
316,1,3,70.0,1,26.0,0,0,347470,7.8542,,34
317,1,2,79.0,1,24.0,1,0,244367,26.0,,34
318,0,2,43.0,0,54.0,0,0,29011,14.0,,34
319,1,1,70.0,1,31.0,0,2,36928,164.8667,59.0,34
320,1,1,79.0,1,40.0,1,1,16966,134.5,75.0,55
321,0,3,16.0,0,22.0,0,0,A/5 21172,7.25,,34
322,0,3,16.0,0,27.0,0,0,349219,7.8958,,34
323,1,2,70.0,1,30.0,0,0,234818,12.35,,39
324,1,2,79.0,1,22.0,1,1,248738,29.0,,34
325,0,3,16.0,0,,8,2,CA. 2343,69.55,,34
326,1,1,70.0,1,36.0,0,0,PC 17760,135.6333,59.0,55
327,0,3,16.0,0,61.0,0,0,345364,6.2375,,34
328,1,2,79.0,1,36.0,0,0,28551,13.0,76.0,34
329,1,3,79.0,1,31.0,1,1,363291,20.525,,34
330,1,1,70.0,1,16.0,0,1,111361,57.9792,74.0,55
331,1,3,70.0,1,,2,0,367226,23.25,,39
332,0,1,16.0,0,45.5,0,0,113043,28.5,59.0,34
333,0,1,16.0,0,38.0,0,1,PC 17582,153.4625,59.0,34
334,0,3,16.0,0,16.0,2,0,345764,18.0,,34
335,1,1,79.0,1,,1,0,PC 17611,133.65,,34
336,0,3,16.0,0,,0,0,349225,7.8958,,34
337,0,1,16.0,0,29.0,1,0,113776,66.6,59.0,34
338,1,1,70.0,1,41.0,0,0,16966,134.5,75.0,55
339,1,3,16.0,0,45.0,0,0,7598,8.05,,34
340,0,1,16.0,0,45.0,0,0,113784,35.5,0.0,34
341,1,2,58.0,0,2.0,1,1,230080,26.0,62.0,34
342,1,1,70.0,1,24.0,3,2,19950,263.0,59.0,34
343,0,2,16.0,0,28.0,0,0,248740,13.0,,34
344,0,2,16.0,0,25.0,0,0,244361,13.0,,34
345,0,2,16.0,0,36.0,0,0,229236,13.0,,34
346,1,2,70.0,1,24.0,0,0,248733,13.0,62.0,34
347,1,2,70.0,1,40.0,0,0,31418,13.0,,34
348,1,3,79.0,1,,1,0,386525,16.1,,34
349,1,3,58.0,0,3.0,1,1,C.A. 37671,15.9,,34
350,0,3,16.0,0,42.0,0,0,315088,8.6625,,34
351,0,3,16.0,0,23.0,0,0,7267,9.225,,34
352,0,1,16.0,0,,0,0,113510,35.0,59.0,34
353,0,3,16.0,0,15.0,1,1,2695,7.2292,,55
354,0,3,16.0,0,25.0,1,0,349237,17.8,,34
355,0,3,16.0,0,,0,0,2647,7.225,,55
356,0,3,16.0,0,28.0,0,0,345783,9.5,,34
357,1,1,70.0,1,22.0,0,1,113505,55.0,75.0,34
358,0,2,70.0,1,38.0,0,0,237671,13.0,,34
359,1,3,70.0,1,,0,0,330931,7.8792,,39
360,1,3,70.0,1,,0,0,330980,7.8792,,39
361,0,3,16.0,0,40.0,1,4,347088,27.9,,34
362,0,2,16.0,0,29.0,1,0,SC/PARIS 2167,27.7208,,55
363,0,3,79.0,1,45.0,0,1,2691,14.4542,,55
364,0,3,16.0,0,35.0,0,0,SOTON/O.Q. 3101310,7.05,,34
365,0,3,16.0,0,,1,0,370365,15.5,,39
366,0,3,16.0,0,30.0,0,0,C 7076,7.25,,34
367,1,1,79.0,1,60.0,1,0,110813,75.25,76.0,55
368,1,3,79.0,1,,0,0,2626,7.2292,,55
369,1,3,70.0,1,,0,0,14313,7.75,,39
370,1,1,,1,24.0,0,0,PC 17477,69.3,74.0,55
371,1,1,16.0,0,25.0,1,0,11765,55.4417,75.0,55
372,0,3,16.0,0,18.0,1,0,3101267,6.4958,,34
373,0,3,16.0,0,19.0,0,0,323951,8.05,,34
374,0,1,16.0,0,22.0,0,0,PC 17760,135.6333,,55
375,0,3,70.0,1,3.0,3,1,349909,21.075,,34
376,1,1,79.0,1,,1,0,PC 17604,82.1708,,55
377,1,3,70.0,1,22.0,0,0,C 7077,7.25,,34
378,0,1,16.0,0,27.0,0,2,113503,211.5,59.0,55
379,0,3,16.0,0,20.0,0,0,2648,4.0125,,55
380,0,3,16.0,0,19.0,0,0,347069,7.775,,34
381,1,1,70.0,1,42.0,0,0,PC 17757,227.525,,55
382,1,3,70.0,1,1.0,0,2,2653,15.7417,,55
383,0,3,16.0,0,32.0,0,0,STON/O 2. 3101293,7.925,,34
384,1,1,79.0,1,35.0,1,0,113789,52.0,,34
385,0,3,16.0,0,,0,0,349227,7.8958,,34
386,0,2,16.0,0,18.0,0,0,S.O.C. 14879,73.5,,34
387,0,3,58.0,0,1.0,5,2,CA 2144,46.9,,34
388,1,2,70.0,1,36.0,0,0,27849,13.0,,34
389,0,3,16.0,0,,0,0,367655,7.7292,,39
390,1,2,70.0,1,17.0,0,0,SC 1748,12.0,,55
391,1,1,16.0,0,36.0,1,2,113760,120.0,74.0,34
392,1,3,16.0,0,21.0,0,0,350034,7.7958,,34
393,0,3,16.0,0,28.0,2,0,3101277,7.925,,34
394,1,1,70.0,1,23.0,1,0,35273,113.275,76.0,55
395,1,3,79.0,1,24.0,0,2,PP 9549,16.7,50.0,34
396,0,3,16.0,0,22.0,0,0,350052,7.7958,,34
397,0,3,70.0,1,31.0,0,0,350407,7.8542,,34
398,0,2,16.0,0,46.0,0,0,28403,26.0,,34
399,0,2,43.0,0,23.0,0,0,244278,10.5,,34
400,1,2,79.0,1,28.0,0,0,240929,12.65,,34
401,1,3,16.0,0,39.0,0,0,STON/O 2. 3101289,7.925,,34
402,0,3,16.0,0,26.0,0,0,341826,8.05,,34
403,0,3,70.0,1,21.0,1,0,4137,9.825,,34
404,0,3,16.0,0,28.0,1,0,STON/O2. 3101279,15.85,,34
405,0,3,70.0,1,20.0,0,0,315096,8.6625,,34
406,0,2,16.0,0,34.0,1,0,28664,21.0,,34
407,0,3,16.0,0,51.0,0,0,347064,7.75,,34
408,1,2,58.0,0,3.0,1,1,29106,18.75,,34
409,0,3,16.0,0,21.0,0,0,312992,7.775,,34
410,0,3,70.0,1,,3,1,4133,25.4667,,34
411,0,3,16.0,0,,0,0,349222,7.8958,,34
412,0,3,16.0,0,,0,0,394140,6.8583,,39
413,1,1,70.0,1,33.0,1,0,19928,90.0,59.0,39
414,0,2,16.0,0,,0,0,239853,0.0,,34
415,1,3,16.0,0,44.0,0,0,STON/O 2. 3101269,7.925,,34
416,0,3,79.0,1,,0,0,343095,8.05,,34
417,1,2,79.0,1,34.0,1,1,28220,32.5,,34
418,1,2,70.0,1,18.0,0,2,250652,13.0,,34
419,0,2,16.0,0,30.0,0,0,28228,13.0,,34
420,0,3,70.0,1,10.0,0,2,345773,24.15,,34
421,0,3,16.0,0,,0,0,349254,7.8958,,55
422,0,3,16.0,0,21.0,0,0,A/5. 13032,7.7333,,39
423,0,3,16.0,0,29.0,0,0,315082,7.875,,34
424,0,3,79.0,1,28.0,1,1,347080,14.4,,34
425,0,3,16.0,0,18.0,1,1,370129,20.2125,,34
426,0,3,16.0,0,,0,0,A/4. 34244,7.25,,34
427,1,2,79.0,1,28.0,1,0,2003,26.0,,34
428,1,2,70.0,1,19.0,0,0,250655,26.0,,34
429,0,3,16.0,0,,0,0,364851,7.75,,39
430,1,3,16.0,0,32.0,0,0,SOTON/O.Q. 392078,8.05,75.0,34
431,1,1,16.0,0,28.0,0,0,110564,26.55,59.0,34
432,1,3,79.0,1,,1,0,376564,16.1,,34
433,1,2,79.0,1,42.0,1,0,SC/AH 3085,26.0,,34
434,0,3,16.0,0,17.0,0,0,STON/O 2. 3101274,7.125,,34
435,0,1,16.0,0,50.0,1,0,13507,55.9,75.0,34
436,1,1,70.0,1,14.0,1,2,113760,120.0,74.0,34
437,0,3,70.0,1,21.0,2,2,W./C. 6608,34.375,,34
438,1,2,79.0,1,24.0,2,3,29106,18.75,,34
439,0,1,16.0,0,64.0,1,4,19950,263.0,59.0,34
440,0,2,16.0,0,31.0,0,0,C.A. 18723,10.5,,34
441,1,2,79.0,1,45.0,1,1,F.C.C. 13529,26.25,,34
442,0,3,16.0,0,20.0,0,0,345769,9.5,,34
443,0,3,16.0,0,25.0,1,0,347076,7.775,,34
444,1,2,,1,28.0,0,0,230434,13.0,,34
445,1,3,16.0,0,,0,0,65306,8.1125,,34
446,1,1,58.0,0,4.0,0,2,33638,81.8583,47.0,34
447,1,2,70.0,1,13.0,0,1,250644,19.5,,34
448,1,1,16.0,0,34.0,0,0,113794,26.55,,34
449,1,3,70.0,1,5.0,2,1,2666,19.2583,,55
450,1,1,,0,52.0,0,0,113786,30.5,59.0,34
451,0,2,16.0,0,36.0,1,2,C.A. 34651,27.75,,34
452,0,3,16.0,0,,1,0,65303,19.9667,,34
453,0,1,16.0,0,30.0,0,0,113051,27.75,59.0,55
454,1,1,16.0,0,49.0,1,0,17453,89.1042,59.0,55
455,0,3,16.0,0,,0,0,A/5 2817,8.05,,34
456,1,3,16.0,0,29.0,0,0,349240,7.8958,,55
457,0,1,16.0,0,65.0,0,0,13509,26.55,75.0,34
458,1,1,79.0,1,,1,0,17464,51.8625,76.0,34
459,1,2,70.0,1,50.0,0,0,F.C.C. 13531,10.5,,34
460,0,3,16.0,0,,0,0,371060,7.75,,39
461,1,1,16.0,0,48.0,0,0,19952,26.55,75.0,34
462,0,3,16.0,0,34.0,0,0,364506,8.05,,34
463,0,1,16.0,0,47.0,0,0,111320,38.5,75.0,34
464,0,2,16.0,0,48.0,0,0,234360,13.0,,34
465,0,3,16.0,0,,0,0,A/S 2816,8.05,,34
466,0,3,16.0,0,38.0,0,0,SOTON/O.Q. 3101306,7.05,,34
467,0,2,16.0,0,,0,0,239853,0.0,,34
468,0,1,16.0,0,56.0,0,0,113792,26.55,,34
469,0,3,16.0,0,,0,0,36209,7.725,,39
470,1,3,70.0,1,0.75,2,1,2666,19.2583,,55
471,0,3,16.0,0,,0,0,323592,7.25,,34
472,0,3,16.0,0,38.0,0,0,315089,8.6625,,34
473,1,2,79.0,1,33.0,1,2,C.A. 34651,27.75,,34
474,1,2,79.0,1,23.0,0,0,SC/AH Basle 541,13.7917,76.0,55
475,0,3,70.0,1,22.0,0,0,7553,9.8375,,34
476,0,1,16.0,0,,0,0,110465,52.0,47.0,34
477,0,2,16.0,0,34.0,1,0,31027,21.0,,34
478,0,3,16.0,0,29.0,1,0,3460,7.0458,,34
479,0,3,16.0,0,22.0,0,0,350060,7.5208,,34
480,1,3,70.0,1,2.0,0,1,3101298,12.2875,,34
481,0,3,58.0,0,9.0,5,2,CA 2144,46.9,,34
482,0,2,16.0,0,,0,0,239854,0.0,,34
483,0,3,16.0,0,50.0,0,0,A/5 3594,8.05,,34
484,1,3,79.0,1,63.0,0,0,4134,9.5875,,34
485,1,1,16.0,0,25.0,1,0,11967,91.0792,74.0,55
486,0,3,70.0,1,,3,1,4133,25.4667,,34
487,1,1,79.0,1,35.0,1,0,19943,90.0,59.0,34
488,0,1,16.0,0,58.0,0,0,11771,29.7,74.0,55
489,0,3,16.0,0,30.0,0,0,A.5. 18509,8.05,,34
490,1,3,58.0,0,9.0,1,1,C.A. 37671,15.9,,34
491,0,3,16.0,0,,1,0,65304,19.9667,,34
492,0,3,16.0,0,21.0,0,0,SOTON/OQ 3101317,7.25,,34
493,0,1,16.0,0,55.0,0,0,113787,30.5,59.0,34
494,0,1,16.0,0,71.0,0,0,PC 17609,49.5042,,55
495,0,3,16.0,0,21.0,0,0,A/4 45380,8.05,,34
496,0,3,16.0,0,,0,0,2627,14.4583,,55
497,1,1,70.0,1,54.0,1,0,36947,78.2667,76.0,55
498,0,3,16.0,0,,0,0,C.A. 6212,15.1,,34
499,0,1,79.0,1,25.0,1,2,113781,151.55,59.0,34
500,0,3,16.0,0,24.0,0,0,350035,7.7958,,34
501,0,3,16.0,0,17.0,0,0,315086,8.6625,,34
502,0,3,70.0,1,21.0,0,0,364846,7.75,,39
503,0,3,70.0,1,,0,0,330909,7.6292,,39
504,0,3,70.0,1,37.0,0,0,4135,9.5875,,34
505,1,1,70.0,1,16.0,0,0,110152,86.5,74.0,34
506,0,1,16.0,0,18.0,1,0,PC 17758,108.9,59.0,55
507,1,2,79.0,1,33.0,0,2,26360,26.0,,34
508,1,1,16.0,0,,0,0,111427,26.55,,34
509,0,3,16.0,0,28.0,0,0,C 4001,22.525,,34
510,1,3,16.0,0,26.0,0,0,1601,56.4958,,34
511,1,3,16.0,0,29.0,0,0,382651,7.75,,39
512,0,3,16.0,0,,0,0,SOTON/OQ 3101316,8.05,,34
513,1,1,16.0,0,36.0,0,0,PC 17473,26.2875,75.0,34
514,1,1,79.0,1,54.0,1,0,PC 17603,59.4,,55
515,0,3,16.0,0,24.0,0,0,349209,7.4958,,34
516,0,1,16.0,0,47.0,0,0,36967,34.0208,76.0,34
517,1,2,79.0,1,34.0,0,0,C.A. 34260,10.5,62.0,34
518,0,3,16.0,0,,0,0,371110,24.15,,39
519,1,2,79.0,1,36.0,1,0,226875,26.0,,34
520,0,3,16.0,0,32.0,0,0,349242,7.8958,,34
521,1,1,70.0,1,30.0,0,0,12749,93.5,74.0,34
522,0,3,16.0,0,22.0,0,0,349252,7.8958,,34
523,0,3,16.0,0,,0,0,2624,7.225,,55
524,1,1,79.0,1,44.0,0,1,111361,57.9792,74.0,55
525,0,3,16.0,0,,0,0,2700,7.2292,,55
526,0,3,16.0,0,40.5,0,0,367232,7.75,,39
527,1,2,70.0,1,50.0,0,0,W./C. 14258,10.5,,34
528,0,1,16.0,0,,0,0,PC 17483,221.7792,59.0,34
529,0,3,16.0,0,39.0,0,0,3101296,7.925,,34
530,0,2,16.0,0,23.0,2,1,29104,11.5,,34
531,1,2,70.0,1,2.0,1,1,26360,26.0,,34
532,0,3,16.0,0,,0,0,2641,7.2292,,55
533,0,3,16.0,0,17.0,1,1,2690,7.2292,,55
534,1,3,79.0,1,,0,2,2668,22.3583,,55
535,0,3,70.0,1,30.0,0,0,315084,8.6625,,34
536,1,2,70.0,1,7.0,0,2,F.C.C. 13529,26.25,,34
537,0,1,,0,45.0,0,0,113050,26.55,74.0,34
538,1,1,70.0,1,30.0,0,0,PC 17761,106.425,,55
539,0,3,16.0,0,,0,0,364498,14.5,,34
540,1,1,70.0,1,22.0,0,2,13568,49.5,74.0,55
541,1,1,70.0,1,36.0,0,2,WE/P 5735,71.0,74.0,34
542,0,3,70.0,1,9.0,4,2,347082,31.275,,34
543,0,3,70.0,1,11.0,4,2,347082,31.275,,34
544,1,2,16.0,0,32.0,1,0,2908,26.0,,34
545,0,1,16.0,0,50.0,1,0,PC 17761,106.425,59.0,55
546,0,1,16.0,0,64.0,0,0,693,26.0,,34
547,1,2,79.0,1,19.0,1,0,2908,26.0,,34
548,1,2,16.0,0,,0,0,SC/PARIS 2146,13.8625,,55
549,0,3,16.0,0,33.0,1,1,363291,20.525,,34
550,1,2,58.0,0,8.0,1,1,C.A. 33112,36.75,,34
551,1,1,16.0,0,17.0,0,2,17421,110.8833,59.0,55
552,0,2,16.0,0,27.0,0,0,244358,26.0,,34
553,0,3,16.0,0,,0,0,330979,7.8292,,39
554,1,3,16.0,0,22.0,0,0,2620,7.225,,55
555,1,3,70.0,1,22.0,0,0,347085,7.775,,34
556,0,1,16.0,0,62.0,0,0,113807,26.55,,34
557,1,1,,1,48.0,1,0,11755,39.6,47.0,55
558,0,1,16.0,0,,0,0,PC 17757,227.525,,55
559,1,1,79.0,1,39.0,1,1,110413,79.65,75.0,34
560,1,3,79.0,1,36.0,1,0,345572,17.4,,34
561,0,3,16.0,0,,0,0,372622,7.75,,39
562,0,3,16.0,0,40.0,0,0,349251,7.8958,,34
563,0,2,16.0,0,28.0,0,0,218629,13.5,,34
564,0,3,16.0,0,,0,0,SOTON/OQ 392082,8.05,,34
565,0,3,70.0,1,,0,0,SOTON/O.Q. 392087,8.05,,34
566,0,3,16.0,0,24.0,2,0,A/4 48871,24.15,,34
567,0,3,16.0,0,19.0,0,0,349205,7.8958,,34
568,0,3,79.0,1,29.0,0,4,349909,21.075,,34
569,0,3,16.0,0,,0,0,2686,7.2292,,55
570,1,3,16.0,0,32.0,0,0,350417,7.8542,,34
571,1,2,16.0,0,62.0,0,0,S.W./PP 752,10.5,,34
572,1,1,79.0,1,53.0,2,0,11769,51.4792,59.0,34
573,1,1,16.0,0,36.0,0,0,PC 17474,26.3875,75.0,34
574,1,3,70.0,1,,0,0,14312,7.75,,39
575,0,3,16.0,0,16.0,0,0,A/4. 20589,8.05,,34
576,0,3,16.0,0,19.0,0,0,358585,14.5,,34
577,1,2,70.0,1,34.0,0,0,243880,13.0,,34
578,1,1,79.0,1,39.0,1,0,13507,55.9,75.0,34
579,0,3,79.0,1,,1,0,2689,14.4583,,55
580,1,3,16.0,0,32.0,0,0,STON/O 2. 3101286,7.925,,34
581,1,2,70.0,1,25.0,1,1,237789,30.0,,34
582,1,1,79.0,1,39.0,1,1,17421,110.8833,59.0,55
583,0,2,16.0,0,54.0,0,0,28403,26.0,,34
584,0,1,16.0,0,36.0,0,0,13049,40.125,47.0,55
585,0,3,16.0,0,,0,0,3411,8.7125,,55
586,1,1,70.0,1,18.0,0,2,110413,79.65,75.0,34
587,0,2,16.0,0,47.0,0,0,237565,15.0,,34
588,1,1,16.0,0,60.0,1,1,13567,79.2,74.0,55
589,0,3,16.0,0,22.0,0,0,14973,8.05,,34
590,0,3,16.0,0,,0,0,A./5. 3235,8.05,,34
591,0,3,16.0,0,35.0,0,0,STON/O 2. 3101273,7.125,,34
592,1,1,79.0,1,52.0,1,0,36947,78.2667,76.0,55
593,0,3,16.0,0,47.0,0,0,A/5 3902,7.25,,34
594,0,3,70.0,1,,0,2,364848,7.75,,39
595,0,2,16.0,0,37.0,1,0,SC/AH 29037,26.0,,34
596,0,3,16.0,0,36.0,1,1,345773,24.15,,34
597,1,2,70.0,1,,0,0,248727,33.0,,34
598,0,3,16.0,0,49.0,0,0,LINE,0.0,,34
599,0,3,16.0,0,,0,0,2664,7.225,,55
600,1,1,,0,49.0,1,0,PC 17485,56.9292,47.0,55
601,1,2,79.0,1,24.0,2,1,243847,27.0,,34
602,0,3,16.0,0,,0,0,349214,7.8958,,34
603,0,1,16.0,0,,0,0,113796,42.4,,34
604,0,3,16.0,0,44.0,0,0,364511,8.05,,34
605,1,1,16.0,0,35.0,0,0,111426,26.55,,55
606,0,3,16.0,0,36.0,1,0,349910,15.55,,34
607,0,3,16.0,0,30.0,0,0,349246,7.8958,,34
608,1,1,16.0,0,27.0,0,0,113804,30.5,,34
609,1,2,79.0,1,22.0,1,2,SC/Paris 2123,41.5792,,55
610,1,1,70.0,1,40.0,0,0,PC 17582,153.4625,59.0,34
611,0,3,79.0,1,39.0,1,5,347082,31.275,,34
612,0,3,16.0,0,,0,0,SOTON/O.Q. 3101305,7.05,,34
613,1,3,70.0,1,,1,0,367230,15.5,,39
614,0,3,16.0,0,,0,0,370377,7.75,,39
615,0,3,16.0,0,35.0,0,0,364512,8.05,,34
616,1,2,70.0,1,24.0,1,2,220845,65.0,,34
617,0,3,16.0,0,34.0,1,1,347080,14.4,,34
618,0,3,79.0,1,26.0,1,0,A/5. 3336,16.1,,34
619,1,2,70.0,1,4.0,2,1,230136,39.0,62.0,34
620,0,2,16.0,0,26.0,0,0,31028,10.5,,34
621,0,3,16.0,0,27.0,1,0,2659,14.4542,,55
622,1,1,16.0,0,42.0,1,0,11753,52.5542,76.0,34
623,1,3,16.0,0,20.0,1,1,2653,15.7417,,55
624,0,3,16.0,0,21.0,0,0,350029,7.8542,,34
625,0,3,16.0,0,21.0,0,0,54636,16.1,,34
626,0,1,16.0,0,61.0,0,0,36963,32.3208,76.0,34
627,0,2,,0,57.0,0,0,219533,12.35,,39
628,1,1,70.0,1,21.0,0,0,13502,77.9583,76.0,34
629,0,3,16.0,0,26.0,0,0,349224,7.8958,,34
630,0,3,16.0,0,,0,0,334912,7.7333,,39
631,1,1,16.0,0,80.0,0,0,27042,30.0,47.0,34
632,0,3,16.0,0,51.0,0,0,347743,7.0542,,34
633,1,1,43.0,0,32.0,0,0,13214,30.5,74.0,55
634,0,1,16.0,0,,0,0,112052,0.0,,34
635,0,3,70.0,1,9.0,3,2,347088,27.9,,34
636,1,2,70.0,1,28.0,0,0,237668,13.0,,34
637,0,3,16.0,0,32.0,0,0,STON/O 2. 3101292,7.925,,34
638,0,2,16.0,0,31.0,1,1,C.A. 31921,26.25,,34
639,0,3,79.0,1,41.0,0,5,3101295,39.6875,,34
640,0,3,16.0,0,,1,0,376564,16.1,,34
641,0,3,16.0,0,20.0,0,0,350050,7.8542,,34
642,1,1,,1,24.0,0,0,PC 17477,69.3,74.0,55
643,0,3,70.0,1,2.0,3,2,347088,27.9,,34
644,1,3,16.0,0,,0,0,1601,56.4958,,34
645,1,3,70.0,1,0.75,2,1,2666,19.2583,,55
646,1,1,16.0,0,48.0,1,0,PC 17572,76.7292,76.0,55
647,0,3,16.0,0,19.0,0,0,349231,7.8958,,34
648,1,1,,0,56.0,0,0,13213,35.5,47.0,55
649,0,3,16.0,0,,0,0,S.O./P.P. 751,7.55,,34
650,1,3,70.0,1,23.0,0,0,CA. 2314,7.55,,34
651,0,3,16.0,0,,0,0,349221,7.8958,,34
652,1,2,70.0,1,18.0,0,1,231919,23.0,,34
653,0,3,16.0,0,21.0,0,0,8475,8.4333,,34
654,1,3,70.0,1,,0,0,330919,7.8292,,39
655,0,3,70.0,1,18.0,0,0,365226,6.75,,39
656,0,2,16.0,0,24.0,2,0,S.O.C. 14879,73.5,,34
657,0,3,16.0,0,,0,0,349223,7.8958,,34
658,0,3,79.0,1,32.0,1,1,364849,15.5,,39
659,0,2,16.0,0,23.0,0,0,29751,13.0,,34
660,0,1,16.0,0,58.0,0,2,35273,113.275,76.0,55
661,1,1,43.0,0,50.0,2,0,PC 17611,133.65,,34
662,0,3,16.0,0,40.0,0,0,2623,7.225,,55
663,0,1,16.0,0,47.0,0,0,5727,25.5875,75.0,34
664,0,3,16.0,0,36.0,0,0,349210,7.4958,,34
665,1,3,16.0,0,20.0,1,0,STON/O 2. 3101285,7.925,,34
666,0,2,16.0,0,32.0,2,0,S.O.C. 14879,73.5,,34
667,0,2,16.0,0,25.0,0,0,234686,13.0,,34
668,0,3,16.0,0,,0,0,312993,7.775,,34
669,0,3,16.0,0,43.0,0,0,A/5 3536,8.05,,34
670,1,1,79.0,1,,1,0,19996,52.0,59.0,34
671,1,2,79.0,1,40.0,1,1,29750,39.0,,34
672,0,1,16.0,0,31.0,1,0,F.C. 12750,52.0,74.0,34
673,0,2,16.0,0,70.0,0,0,C.A. 24580,10.5,,34
674,1,2,16.0,0,31.0,0,0,244270,13.0,,34
675,0,2,16.0,0,,0,0,239856,0.0,,34
676,0,3,16.0,0,18.0,0,0,349912,7.775,,34
677,0,3,16.0,0,24.5,0,0,342826,8.05,,34
678,1,3,70.0,1,18.0,0,0,4138,9.8417,,34
679,0,3,79.0,1,43.0,1,6,CA 2144,46.9,,34
680,1,1,16.0,0,36.0,0,1,PC 17755,512.3292,74.0,55
681,0,3,70.0,1,,0,0,330935,8.1375,,39
682,1,1,16.0,0,27.0,0,0,PC 17572,76.7292,76.0,55
683,0,3,16.0,0,20.0,0,0,6563,9.225,,34
684,0,3,16.0,0,14.0,5,2,CA 2144,46.9,,34
685,0,2,16.0,0,60.0,1,1,29750,39.0,,34
686,0,2,16.0,0,25.0,1,2,SC/Paris 2123,41.5792,,55
687,0,3,16.0,0,14.0,4,1,3101295,39.6875,,34
688,0,3,16.0,0,19.0,0,0,349228,10.1708,,34
689,0,3,16.0,0,18.0,0,0,350036,7.7958,,34
690,1,1,70.0,1,15.0,0,1,24160,211.3375,74.0,34
691,1,1,16.0,0,31.0,1,0,17474,57.0,74.0,34
692,1,3,70.0,1,4.0,0,1,349256,13.4167,,55
693,1,3,16.0,0,,0,0,1601,56.4958,,34
694,0,3,16.0,0,25.0,0,0,2672,7.225,,55
695,0,1,,0,60.0,0,0,113800,26.55,,34
696,0,2,16.0,0,52.0,0,0,248731,13.5,,34
697,0,3,16.0,0,44.0,0,0,363592,8.05,,34
698,1,3,70.0,1,,0,0,35852,7.7333,,39
699,0,1,16.0,0,49.0,1,1,17421,110.8833,59.0,55
700,0,3,16.0,0,42.0,0,0,348121,7.65,62.0,34
701,1,1,79.0,1,18.0,1,0,PC 17757,227.525,59.0,55
702,1,1,16.0,0,35.0,0,0,PC 17475,26.2875,75.0,34
703,0,3,70.0,1,18.0,0,1,2691,14.4542,,55
704,0,3,16.0,0,25.0,0,0,36864,7.7417,,39
705,0,3,16.0,0,26.0,1,0,350025,7.8542,,34
706,0,2,16.0,0,39.0,0,0,250655,26.0,,34
707,1,2,79.0,1,45.0,0,0,223596,13.5,,34
708,1,1,16.0,0,42.0,0,0,PC 17476,26.2875,75.0,34
709,1,1,70.0,1,22.0,0,0,113781,151.55,,34
710,1,3,58.0,0,,1,1,2661,15.2458,,55
711,1,1,,1,24.0,0,0,PC 17482,49.5042,59.0,55
712,0,1,16.0,0,,0,0,113028,26.55,59.0,34
713,1,1,16.0,0,48.0,1,0,19996,52.0,59.0,34
714,0,3,16.0,0,29.0,0,0,7545,9.4833,,34
715,0,2,16.0,0,52.0,0,0,250647,13.0,,34
716,0,3,16.0,0,19.0,0,0,348124,7.65,62.0,34
717,1,1,70.0,1,38.0,0,0,PC 17757,227.525,59.0,55
718,1,2,70.0,1,27.0,0,0,34218,10.5,75.0,34
719,0,3,16.0,0,,0,0,36568,15.5,,39
720,0,3,16.0,0,33.0,0,0,347062,7.775,,34
721,1,2,70.0,1,6.0,0,1,248727,33.0,,34
722,0,3,16.0,0,17.0,1,0,350048,7.0542,,34
723,0,2,16.0,0,34.0,0,0,12233,13.0,,34
724,0,2,16.0,0,50.0,0,0,250643,13.0,,34
725,1,1,16.0,0,27.0,1,0,113806,53.1,75.0,34
726,0,3,16.0,0,20.0,0,0,315094,8.6625,,34
727,1,2,79.0,1,30.0,3,0,31027,21.0,,34
728,1,3,70.0,1,,0,0,36866,7.7375,,39
729,0,2,16.0,0,25.0,1,0,236853,26.0,,34
730,0,3,70.0,1,25.0,1,0,STON/O2. 3101271,7.925,,34
731,1,1,70.0,1,29.0,0,0,24160,211.3375,74.0,34
732,0,3,16.0,0,11.0,0,0,2699,18.7875,,55
733,0,2,16.0,0,,0,0,239855,0.0,,34
734,0,2,16.0,0,23.0,0,0,28425,13.0,,34
735,0,2,16.0,0,23.0,0,0,233639,13.0,,34
736,0,3,16.0,0,28.5,0,0,54636,16.1,,34
737,0,3,79.0,1,48.0,1,3,W./C. 6608,34.375,,34
738,1,1,16.0,0,35.0,0,0,PC 17755,512.3292,74.0,55
739,0,3,16.0,0,,0,0,349201,7.8958,,34
740,0,3,16.0,0,,0,0,349218,7.8958,,34
741,1,1,16.0,0,,0,0,16988,30.0,76.0,34
742,0,1,16.0,0,36.0,1,0,19877,78.85,59.0,34
743,1,1,70.0,1,21.0,2,2,PC 17608,262.375,74.0,55
744,0,3,16.0,0,24.0,1,0,376566,16.1,,34
745,1,3,16.0,0,31.0,0,0,STON/O 2. 3101288,7.925,,34
746,0,1,,0,70.0,1,1,WE/P 5735,71.0,74.0,34
747,0,3,16.0,0,16.0,1,1,C.A. 2673,20.25,,34
748,1,2,70.0,1,30.0,0,0,250648,13.0,,34
749,0,1,16.0,0,19.0,1,0,113773,53.1,76.0,34
750,0,3,16.0,0,31.0,0,0,335097,7.75,,39
751,1,2,70.0,1,4.0,1,1,29103,23.0,,34
752,1,3,58.0,0,6.0,0,1,392096,12.475,75.0,34
753,0,3,16.0,0,33.0,0,0,345780,9.5,,34
754,0,3,16.0,0,23.0,0,0,349204,7.8958,,34
755,1,2,79.0,1,48.0,1,2,220845,65.0,,34
756,1,2,58.0,0,0.67,1,1,250649,14.5,,34
757,0,3,16.0,0,28.0,0,0,350042,7.7958,,34
758,0,2,16.0,0,18.0,0,0,29108,11.5,,34
759,0,3,16.0,0,34.0,0,0,363294,8.05,,34
760,1,1,,1,33.0,0,0,110152,86.5,74.0,34
761,0,3,16.0,0,,0,0,358585,14.5,,34
762,0,3,16.0,0,41.0,0,0,SOTON/O2 3101272,7.125,,34
763,1,3,16.0,0,20.0,0,0,2663,7.2292,,55
764,1,1,79.0,1,36.0,1,2,113760,120.0,74.0,34
765,0,3,16.0,0,16.0,0,0,347074,7.775,,34
766,1,1,79.0,1,51.0,1,0,13502,77.9583,76.0,34
767,0,1,43.0,0,,0,0,112379,39.6,,55
768,0,3,70.0,1,30.5,0,0,364850,7.75,,39
769,0,3,16.0,0,,1,0,371110,24.15,,39
770,0,3,16.0,0,32.0,0,0,8471,8.3625,,34
771,0,3,16.0,0,24.0,0,0,345781,9.5,,34
772,0,3,16.0,0,48.0,0,0,350047,7.8542,,34
773,0,2,79.0,1,57.0,0,0,S.O./P.P. 3,10.5,75.0,34
774,0,3,16.0,0,,0,0,2674,7.225,,55
775,1,2,79.0,1,54.0,1,3,29105,23.0,,34
776,0,3,16.0,0,18.0,0,0,347078,7.75,,34
777,0,3,16.0,0,,0,0,383121,7.75,62.0,39
778,1,3,70.0,1,5.0,0,0,364516,12.475,,34
779,0,3,16.0,0,,0,0,36865,7.7375,,39
780,1,1,79.0,1,43.0,0,1,24160,211.3375,74.0,34
781,1,3,70.0,1,13.0,0,0,2687,7.2292,,55
782,1,1,79.0,1,17.0,1,0,17474,57.0,74.0,34
783,0,1,16.0,0,29.0,0,0,113501,30.0,76.0,34
784,0,3,16.0,0,,1,2,W./C. 6607,23.45,,34
785,0,3,16.0,0,25.0,0,0,SOTON/O.Q. 3101312,7.05,,34
786,0,3,16.0,0,25.0,0,0,374887,7.25,,34
787,1,3,70.0,1,18.0,0,0,3101265,7.4958,,34
788,0,3,58.0,0,8.0,4,1,382652,29.125,,39
789,1,3,58.0,0,1.0,1,2,C.A. 2315,20.575,,34
790,0,1,16.0,0,46.0,0,0,PC 17593,79.2,74.0,55
791,0,3,16.0,0,,0,0,12460,7.75,,39
792,0,2,16.0,0,16.0,0,0,239865,26.0,,34
793,0,3,70.0,1,,8,2,CA. 2343,69.55,,34
794,0,1,16.0,0,,0,0,PC 17600,30.6958,,55
795,0,3,16.0,0,25.0,0,0,349203,7.8958,,34
796,0,2,16.0,0,39.0,0,0,28213,13.0,,34
797,1,1,43.0,1,49.0,0,0,17465,25.9292,76.0,34
798,1,3,79.0,1,31.0,0,0,349244,8.6833,,34
799,0,3,16.0,0,30.0,0,0,2685,7.2292,,55
800,0,3,79.0,1,30.0,1,1,345773,24.15,,34
801,0,2,16.0,0,34.0,0,0,250647,13.0,,34
802,1,2,79.0,1,31.0,1,1,C.A. 31921,26.25,,34
803,1,1,58.0,0,11.0,1,2,113760,120.0,74.0,34
804,1,3,58.0,0,0.42,0,1,2625,8.5167,,55
805,1,3,16.0,0,27.0,0,0,347089,6.975,,34
806,0,3,16.0,0,31.0,0,0,347063,7.775,,34
807,0,1,16.0,0,39.0,0,0,112050,0.0,47.0,34
808,0,3,70.0,1,18.0,0,0,347087,7.775,,34
809,0,2,16.0,0,39.0,0,0,248723,13.0,,34
810,1,1,79.0,1,33.0,1,0,113806,53.1,75.0,34
811,0,3,16.0,0,26.0,0,0,3474,7.8875,,34
812,0,3,16.0,0,39.0,0,0,A/4 48871,24.15,,34
813,0,2,16.0,0,35.0,0,0,28206,10.5,,34
814,0,3,70.0,1,6.0,4,2,347082,31.275,,34
815,0,3,16.0,0,30.5,0,0,364499,8.05,,34
816,0,1,16.0,0,,0,0,112058,0.0,74.0,34
817,0,3,70.0,1,23.0,0,0,STON/O2. 3101290,7.925,,34
818,0,2,16.0,0,31.0,1,1,S.C./PARIS 2079,37.0042,,55
819,0,3,16.0,0,43.0,0,0,C 7075,6.45,,34
820,0,3,58.0,0,10.0,3,2,347088,27.9,,34
821,1,1,79.0,1,52.0,1,1,12749,93.5,74.0,34
822,1,3,16.0,0,27.0,0,0,315098,8.6625,,34
823,0,1,,0,38.0,0,0,19972,0.0,,34
824,1,3,79.0,1,27.0,0,1,392096,12.475,75.0,34
825,0,3,58.0,0,2.0,4,1,3101295,39.6875,,34
826,0,3,16.0,0,,0,0,368323,6.95,,39
827,0,3,16.0,0,,0,0,1601,56.4958,,34
828,1,2,58.0,0,1.0,0,2,S.C./PARIS 2079,37.0042,,55
829,1,3,16.0,0,,0,0,367228,7.75,,39
830,1,1,79.0,1,62.0,0,0,113572,80.0,74.0,
831,1,3,79.0,1,15.0,1,0,2659,14.4542,,55
832,1,2,58.0,0,0.83,1,1,29106,18.75,,34
833,0,3,16.0,0,,0,0,2671,7.2292,,55
834,0,3,16.0,0,23.0,0,0,347468,7.8542,,34
835,0,3,16.0,0,18.0,0,0,2223,8.3,,34
836,1,1,70.0,1,39.0,1,1,PC 17756,83.1583,75.0,55
837,0,3,16.0,0,21.0,0,0,315097,8.6625,,34
838,0,3,16.0,0,,0,0,392092,8.05,,34
839,1,3,16.0,0,32.0,0,0,1601,56.4958,,34
840,1,1,16.0,0,,0,0,11774,29.7,59.0,55
841,0,3,16.0,0,20.0,0,0,SOTON/O2 3101287,7.925,,34
842,0,2,16.0,0,16.0,0,0,S.O./P.P. 3,10.5,,34
843,1,1,70.0,1,30.0,0,0,113798,31.0,,55
844,0,3,16.0,0,34.5,0,0,2683,6.4375,,55
845,0,3,16.0,0,17.0,0,0,315090,8.6625,,34
846,0,3,16.0,0,42.0,0,0,C.A. 5547,7.55,,34
847,0,3,16.0,0,,8,2,CA. 2343,69.55,,34
848,0,3,16.0,0,35.0,0,0,349213,7.8958,,55
849,0,2,,0,28.0,0,1,248727,33.0,,34
850,1,1,79.0,1,,1,0,17453,89.1042,59.0,55
851,0,3,58.0,0,4.0,4,2,347082,31.275,,34
852,0,3,16.0,0,74.0,0,0,347060,7.775,,34
853,0,3,70.0,1,9.0,1,1,2678,15.2458,,55
854,1,1,70.0,1,16.0,0,1,PC 17592,39.4,76.0,34
855,0,2,79.0,1,44.0,1,0,244252,26.0,,34
856,1,3,79.0,1,18.0,0,1,392091,9.35,,34
857,1,1,79.0,1,45.0,1,1,36928,164.8667,,34
858,1,1,16.0,0,51.0,0,0,113055,26.55,75.0,34
859,1,3,79.0,1,24.0,0,3,2666,19.2583,,55
860,0,3,16.0,0,,0,0,2629,7.2292,,55
861,0,3,16.0,0,41.0,2,0,350026,14.1083,,34
862,0,2,16.0,0,21.0,1,0,28134,11.5,,34
863,1,1,79.0,1,48.0,0,0,17466,25.9292,76.0,34
864,0,3,70.0,1,,8,2,CA. 2343,69.55,,34
865,0,2,16.0,0,24.0,0,0,233866,13.0,,34
866,1,2,79.0,1,42.0,0,0,236852,13.0,,34
867,1,2,70.0,1,27.0,1,0,SC/PARIS 2149,13.8583,,55
868,0,1,16.0,0,31.0,0,0,PC 17590,50.4958,47.0,34
869,0,3,16.0,0,,0,0,345777,9.5,,34
870,1,3,58.0,0,4.0,1,1,347742,11.1333,,34
871,0,3,16.0,0,26.0,0,0,349248,7.8958,,34
872,1,1,79.0,1,47.0,1,1,11751,52.5542,76.0,34
873,0,1,16.0,0,33.0,0,0,695,5.0,74.0,34
874,0,3,16.0,0,47.0,0,0,345765,9.0,,34
875,1,2,79.0,1,28.0,1,0,P/PP 3381,24.0,,55
876,1,3,70.0,1,15.0,0,0,2667,7.225,,55
877,0,3,16.0,0,20.0,0,0,7534,9.8458,,34
878,0,3,16.0,0,19.0,0,0,349212,7.8958,,34
879,0,3,16.0,0,,0,0,349217,7.8958,,34
880,1,1,79.0,1,56.0,0,1,11767,83.1583,59.0,55
881,1,2,79.0,1,25.0,0,1,230433,26.0,,34
882,0,3,16.0,0,33.0,0,0,349257,7.8958,,34
883,0,3,70.0,1,22.0,0,0,7552,10.5167,,34
884,0,2,16.0,0,28.0,0,0,C.A./SOTON 34068,10.5,,34
885,0,3,16.0,0,25.0,0,0,SOTON/OQ 392076,7.05,,34
886,0,3,79.0,1,39.0,0,5,382652,29.125,,39
887,0,2,,0,27.0,0,0,211536,13.0,,34
888,1,1,70.0,1,19.0,0,0,112053,30.0,74.0,34
889,0,3,70.0,1,,1,2,W./C. 6607,23.45,,34
890,1,1,16.0,0,26.0,0,0,111369,30.0,59.0,55
891,0,3,16.0,0,32.0,0,0,370376,7.75,,39
